Workbook

Sheet main file
A1: merchant_id | B1: merchant_name | C1: category | D1: region
A2: 1 | B2: Merchant_001 | C2: ecommerce | D2: South
A3: 2 | B3: Merchant_002 | C3: grocery | D3: West
A4: 3 | B4: Merchant_003 | C4: grocery | D4: East
A5: 4 | B5: Merchant_004 | C5: ecommerce | D5: East
A6: 5 | B6: Merchant_005 | C6: recharge | D6: South
A7: 6 | B7: Merchant_006 | C7: food_delivery | D7: South
A8: 7 | B8: Merchant_007 | C8: food_delivery | D8: East
A9: 8 | B9: Merchant_008 | C9: food_delivery | D9: North
A10: 9 | B10: Merchant_009 | C10: ecommerce | D10: North
A11: 10 | B11: Merchant_010 | C11: grocery | D11: West
A12: 11 | B12: Merchant_011 | C12: ecommerce | D12: North
A13: 12 | B13: Merchant_012 | C13: ecommerce | D13: East
... A41: 40 | B41: Merchant_040 | C41: entertainment | D41: South

Sheet Merchants
A1: merchant_id | B1: merchant_name | C1: category | D1: region
A2: 1 | B2: Merchant_001 | C2: ecommerce | D2: South
A3: 2 | B3: Merchant_002 | C3: grocery | D3: West
A4: 3 | B4: Merchant_003 | C4: grocery | D4: East
A5: 4 | B5: Merchant_004 | C5: ecommerce | D5: East
A6: 5 | B6: Merchant_005 | C6: recharge | D6: South
A7: 6 | B7: Merchant_006 | C7: food_delivery | D7: South
A8: 7 | B8: Merchant_007 | C8: food_delivery | D8: East
A9: 8 | B9: Merchant_008 | C9: food_delivery | D9: North
A10: 9 | B10: Merchant_009 | C10: ecommerce | D10: North
A11: 10 | B11: Merchant_010 | C11: grocery | D11: West
A12: 11 | B12: Merchant_011 | C12: ecommerce | D12: North
A13: 12 | B13: Merchant_012 | C13: ecommerce | D13: East
... A41: 40 | B41: Merchant_040 | C41: entertainment | D41: South

Sheet Transactions_View
A1: transaction_id | B1: user_id | C1: merchant_id | D1: transaction_time | E1: amount_inr | F1: payment_method | G1: status | H1: risk_score | I1: merchant_name | J1: category | K1: region | L1: MDR % | M1: Estimated Fee INR | N1: transaction_date
A2: TXN100000 | B2: 350 | C2: 16 | D2: 46051.467 | E2: 2999 | F2: Wallet | G2: captured | H2: 85 | I2: =IFERROR(VLOOKUP($C2,Merchants!$A$2:$D$41,2,FALSE),"Merchant not found") -> Merchant_016 | J2: =IFERROR(VLOOKUP($C2,Merchants!$A$2:$D$41,3,FALSE),"Merchant not found") -> bill_payment | K2: =IFERROR(VLOOKUP($C2,Merchants!$A$2:$D$41,4,FALSE),"Merchant not found") -> West | L2: =IFERROR(HLOOKUP(F2,Fee_Lookup!$B$1:$E$2,2,FALSE),"Method not found") -> 0.0075 | M2: =E2*L2 -> 22.4925 | N2: =INT(D2) -> 46051
A3: TXN100001 | B3: 287 | C3: 27 | D3: 46026.492 | E3: 49 | F3: UPI | G3: captured | H3: 79 | I3: =IFERROR(VLOOKUP($C3,Merchants!$A$2:$D$41,2,FALSE),"Merchant not found") -> Merchant_027 | J3: =IFERROR(VLOOKUP($C3,Merchants!$A$2:$D$41,3,FALSE),"Merchant not found") -> ecommerce | K3: =IFERROR(VLOOKUP($C3,Merchants!$A$2:$D$41,4,FALSE),"Merchant not found") -> North | L3: =IFERROR(HLOOKUP(F3,Fee_Lookup!$B$1:$E$2,2,FALSE),"Method not found") -> 0.005 | M3: =E3*L3 -> 0.245 | N3: =INT(D3) -> 46026
A4: TXN100002 | B4: 122 | C4: 11 | D4: 46046.208 | E4: 1499 | F4: Wallet | G4: captured | H4: 22 | I4: =IFERROR(VLOOKUP($C4,Merchants!$A$2:$D$41,2,FALSE),"Merchant not found") -> Merchant_011 | J4: =IFERROR(VLOOKUP($C4,Merchants!$A$2:$D$41,3,FALSE),"Merchant not found") -> ecommerce | K4: =IFERROR(VLOOKUP($C4,Merchants!$A$2:$D$41,4,FALSE),"Merchant not found") -> North | L4: =IFERROR(HLOOKUP(F4,Fee_Lookup!$B$1:$E$2,2,FALSE),"Method not found") -> 0.0075 | M4: =E4*L4 -> 11.2425 | N4: =INT(D4) -> 46046
A5: TXN100003 | B5: 92 | C5: 22 | D5: 46051.542 | E5: 49 | F5: Netbanking | G5: captured | H5: 100 | I5: =IFERROR(VLOOKUP($C5,Merchants!$A$2:$D$41,2,FALSE),"Merchant not found") -> Merchant_022 | J5: =IFERROR(VLOOKUP($C5,Merchants!$A$2:$D$41,3,FALSE),"Merchant not found") -> travel | K5: =IFERROR(VLOOKUP($C5,Merchants!$A$2:$D$41,4,FALSE),"Merchant not found") -> South | L5: =IFERROR(HLOOKUP(F5,Fee_Lookup!$B$1:$E$2,2,FALSE),"Method not found") -> 0.01 | M5: =E5*L5 -> 0.49 | N5: =INT(D5) -> 46051
A6: TXN100004 | B6: 343 | C6: 16 | D6: 46052.577 | E6: 99 | F6: UPI | G6: captured | H6: 34 | I6: =IFERROR(VLOOKUP($C6,Merchants!$A$2:$D$41,2,FALSE),"Merchant not found") -> Merchant_016 | J6: =IFERROR(VLOOKUP($C6,Merchants!$A$2:$D$41,3,FALSE),"Merchant not found") -> bill_payment | K6: =IFERROR(VLOOKUP($C6,Merchants!$A$2:$D$41,4,FALSE),"Merchant not found") -> West | L6: =IFERROR(HLOOKUP(F6,Fee_Lookup!$B$1:$E$2,2,FALSE),"Method not found") -> 0.005 | M6: =E6*L6 -> 0.495 | N6: =INT(D6) -> 46052
A7: TXN100005 | B7: 196 | C7: 3 | D7: 46028.921 | E7: 99 | F7: UPI | G7: captured | H7: 60 | I7: =IFERROR(VLOOKUP($C7,Merchants!$A$2:$D$41,2,FALSE),"Merchant not found") -> Merchant_003 | J7: =IFERROR(VLOOKUP($C7,Merchants!$A$2:$D$41,3,FALSE),"Merchant not found") -> grocery | K7: =IFERROR(VLOOKUP($C7,Merchants!$A$2:$D$41,4,FALSE),"Merchant not found") -> East | L7: =IFERROR(HLOOKUP(F7,Fee_Lookup!$B$1:$E$2,2,FALSE),"Method not found") -> 0.005 | M7: =E7*L7 -> 0.495 | N7: =INT(D7) -> 46028
A8: TXN100006 | B8: 236 | C8: 23 | D8: 46030.286 | E8: 99 | F8: Wallet | G8: captured | H8: 39 | I8: =IFERROR(VLOOKUP($C8,Merchants!$A$2:$D$41,2,FALSE),"Merchant not found") -> Merchant_023 | J8: =IFERROR(VLOOKUP($C8,Merchants!$A$2:$D$41,3,FALSE),"Merchant not found") -> travel | K8: =IFERROR(VLOOKUP($C8,Merchants!$A$2:$D$41,4,FALSE),"Merchant not found") -> North | L8: =IFERROR(HLOOKUP(F8,Fee_Lookup!$B$1:$E$2,2,FALSE),"Method not found") -> 0.0075 | M8: =E8*L8 -> 0.7425 | N8: =INT(D8) -> 46030
A9: TXN100007 | B9: 13 | C9: 13 | D9: 46049.301 | E9: 99 | F9: UPI | G9: captured | H9: 51 | I9: =IFERROR(VLOOKUP($C9,Merchants!$A$2:$D$41,2,FALSE),"Merchant not found") -> Merchant_013 | J9: =IFERROR(VLOOKUP($C9,Merchants!$A$2:$D$41,3,FALSE),"Merchant not found") -> travel | K9: =IFERROR(VLOOKUP($C9,Merchants!$A$2:$D$41,4,FALSE),"Merchant not found") -> East | L9: =IFERROR(HLOOKUP(F9,Fee_Lookup!$B$1:$E$2,2,FALSE),"Method not found") -> 0.005 | M9: =E9*L9 -> 0.495 | N9: =INT(D9) -> 46049
A10: TXN100008 | B10: 36 | C10: 18 | D10: 46033.372 | E10: 799 | F10: UPI | G10: captured | H10: 44 | I10: =IFERROR(VLOOKUP($C10,Merchants!$A$2:$D$41,2,FALSE),"Merchant not found") -> Merchant_018 | J10: =IFERROR(VLOOKUP($C10,Merchants!$A$2:$D$41,3,FALSE),"Merchant not found") -> grocery | K10: =IFERROR(VLOOKUP($C10,Merchants!$A$2:$D$41,4,FALSE),"Merchant not found") -> West | L10: =IFERROR(HLOOKUP(F10,Fee_Lookup!$B$1:$E$2,2,FALSE),"Method not found") -> 0.005 | M10: =E10*L10 -> 3.995 | N10: =INT(D10) -> 46033
A11: TXN100009 | B11: 348 | C11: 35 | D11: 46043.684 | E11: 299 | F11: UPI | G11: captured | H11: 42 | I11: =IFERROR(VLOOKUP($C11,Merchants!$A$2:$D$41,2,FALSE),"Merchant not found") -> Merchant_035 | J11: =IFERROR(VLOOKUP($C11,Merchants!$A$2:$D$41,3,FALSE),"Merchant not found") -> recharge | K11: =IFERROR(VLOOKUP($C11,Merchants!$A$2:$D$41,4,FALSE),"Merchant not found") -> East | L11: =IFERROR(HLOOKUP(F11,Fee_Lookup!$B$1:$E$2,2,FALSE),"Method not found") -> 0.005 | M11: =E11*L11 -> 1.495 | N11: =INT(D11) -> 46043
A12: TXN100010 | B12: 134 | C12: 12 | D12: 46023.164 | E12: 49 | F12: UPI | G12: captured | H12: 74 | I12: =IFERROR(VLOOKUP($C12,Merchants!$A$2:$D$41,2,FALSE),"Merchant not found") -> Merchant_012 | J12: =IFERROR(VLOOKUP($C12,Merchants!$A$2:$D$41,3,FALSE),"Merchant not found") -> ecommerce | K12: =IFERROR(VLOOKUP($C12,Merchants!$A$2:$D$41,4,FALSE),"Merchant not found") -> East | L12: =IFERROR(HLOOKUP(F12,Fee_Lookup!$B$1:$E$2,2,FALSE),"Method not found") -> 0.005 | M12: =E12*L12 -> 0.245 | N12: =INT(D12) -> 46023
A13: TXN100011 | B13: 306 | C13: 28 | D13: 46031.046 | E13: 2999 | F13: Card | G13: failed | H13: 44 | I13: =IFERROR(VLOOKUP($C13,Merchants!$A$2:$D$41,2,FALSE),"Merchant not found") -> Merchant_028 | J13: =IFERROR(VLOOKUP($C13,Merchants!$A$2:$D$41,3,FALSE),"Merchant not found") -> ecommerce | K13: =IFERROR(VLOOKUP($C13,Merchants!$A$2:$D$41,4,FALSE),"Merchant not found") -> South | L13: =IFERROR(HLOOKUP(F13,Fee_Lookup!$B$1:$E$2,2,FALSE),"Method not found") -> 0.012 | M13: =E13*L13 -> 35.988 | N13: =INT(D13) -> 46031
... A548: TXN300031 | B548: 345 | C548: 12 | D548: 46045.377 | E548: 399 | F548: Card | G548: captured | H548: 69 | I548: =IFERROR(VLOOKUP($C548,Merchants!$A$2:$D$41,2,FALSE),"Merchant not found") -> Merchant_012 | J548: =IFERROR(VLOOKUP($C548,Merchants!$A$2:$D$41,3,FALSE),"Merchant not found") -> ecommerce | K548: =IFERROR(VLOOKUP($C548,Merchants!$A$2:$D$41,4,FALSE),"Merchant not found") -> East | L548: =IFERROR(HLOOKUP(F548,Fee_Lookup!$B$1:$E$2,2,FALSE),"Method not found") -> 0.012 | M548: =E548*L548 -> 4.788 | N548: =INT(D548) -> 46045

Sheet Fee_Lookup
A1: Payment Method | B1: UPI | C1: Wallet | D1: Card | E1: Netbanking
A2: MDR % | B2: 0.005 | C2: 0.0075 | D2: 0.012 | E2: 0.01
A3: Fee Tier | B3: Tier 1 | C3: Tier 2 | D3: Tier 3 | E3: Tier 2
A5: Assumption
A6: MDR percentages are illustrative assumptions used only to demonstrate HLOOKUP and estimated transaction-fee calculation; they are not actual Paytm commercial rates.

Sheet Daily_Summary
A1: merchant_id | B1: transaction_date | C1: Sum of amount_inr | D1: Count of transaction_id | E1: Classification | F1: Region
A2: 1 | B2: 46027 | C2: 1499 | D2: 1 | E2: =IF(AND(C2>5000,F2<>"East"),"High-Value Merchant Day","") | F2: =_xlfn.XLOOKUP(A2,Merchants!A:A,Merchants!D:D) -> South
A3: 1 | B3: 46028 | C3: 149 | D3: 1 | E3: =IF(AND(C3>5000,F3<>"East"),"High-Value Merchant Day","") | F3: =_xlfn.XLOOKUP(A3,Merchants!A:A,Merchants!D:D) -> South
A4: 1 | B4: 46031 | C4: 5048 | D4: 2 | E4: =IF(AND(C4>5000,F4<>"East"),"High-Value Merchant Day","") -> High-Value Merchant Day | F4: =_xlfn.XLOOKUP(A4,Merchants!A:A,Merchants!D:D) -> South
A5: 1 | B5: 46033 | C5: 299 | D5: 1 | E5: =IF(AND(C5>5000,F5<>"East"),"High-Value Merchant Day","") | F5: =_xlfn.XLOOKUP(A5,Merchants!A:A,Merchants!D:D) -> South
A6: 1 | B6: 46034 | C6: 149 | D6: 1 | E6: =IF(AND(C6>5000,F6<>"East"),"High-Value Merchant Day","") | F6: =_xlfn.XLOOKUP(A6,Merchants!A:A,Merchants!D:D) -> South
A7: 1 | B7: 46039 | C7: 149 | D7: 1 | E7: =IF(AND(C7>5000,F7<>"East"),"High-Value Merchant Day","") | F7: =_xlfn.XLOOKUP(A7,Merchants!A:A,Merchants!D:D) -> South
A8: 1 | B8: 46045 | C8: 3148 | D8: 2 | E8: =IF(AND(C8>5000,F8<>"East"),"High-Value Merchant Day","") | F8: =_xlfn.XLOOKUP(A8,Merchants!A:A,Merchants!D:D) -> South
A9: 2 | B9: 46029 | C9: 499 | D9: 1 | E9: =IF(AND(C9>5000,F9<>"East"),"High-Value Merchant Day","") | F9: =_xlfn.XLOOKUP(A9,Merchants!A:A,Merchants!D:D) -> West
A10: 2 | B10: 46030 | C10: 299 | D10: 1 | E10: =IF(AND(C10>5000,F10<>"East"),"High-Value Merchant Day","") | F10: =_xlfn.XLOOKUP(A10,Merchants!A:A,Merchants!D:D) -> West
A11: 2 | B11: 46034 | C11: 348 | D11: 2 | E11: =IF(AND(C11>5000,F11<>"East"),"High-Value Merchant Day","") | F11: =_xlfn.XLOOKUP(A11,Merchants!A:A,Merchants!D:D) -> West
A12: 2 | B12: 46035 | C12: 49 | D12: 1 | E12: =IF(AND(C12>5000,F12<>"East"),"High-Value Merchant Day","") | F12: =_xlfn.XLOOKUP(A12,Merchants!A:A,Merchants!D:D) -> West
A13: 2 | B13: 46037 | C13: 1499 | D13: 1 | E13: =IF(AND(C13>5000,F13<>"East"),"High-Value Merchant Day","") | F13: =_xlfn.XLOOKUP(A13,Merchants!A:A,Merchants!D:D) -> West
... A444: 40 | B444: 46052 | C444: 499 | D444: 1 | E444: =IF(AND(C444>5000,F444<>"East"),"High-Value Merchant Day","") | F444: =_xlfn.XLOOKUP(A444,Merchants!A:A,Merchants!D:D) -> South
A445: Grand Total | C445: 382603 | D445: 547

Sheet Pivot_Analysis
A1: merchant_id | B1: status | C1: Sum of amount_inr | D1: Count of transaction_id
A2: 1 | B2: captured | C2: 10142 | D2: 8
A3: 1 | B3: failed | C3: 299 | D3: 1
A4: 2 | B4: captured | C4: 3640 | D4: 10
A5: 3 | B5: captured | C5: 8084 | D5: 16
A6: 3 | B6: chargeback | C6: 149 | D6: 1
A7: 4 | B7: captured | C7: 6941 | D7: 9
A8: 5 | B8: captured | C8: 5340 | D8: 10
A9: 5 | B9: failed | C9: 499 | D9: 1
A10: 6 | B10: captured | C10: 6637 | D10: 13
A11: 6 | B11: chargeback | C11: 799 | D11: 1
A12: 7 | B12: captured | C12: 11638 | D12: 12
A13: 7 | B13: chargeback | C13: 1999 | D13: 1
... A92: 40 | B92: failed | C92: 548 | D92: 2
A93: Grand Total | C93: 382603 | D93: 547

Sheet Merchant_Comparison
A1: merchant_id | B1: Unique Days Transacted | C1: Total Transaction Count
A2: 1 | B2: =COUNTIF(Daily_Summary!$A:$A,A2) -> 7 | C2: =COUNTIF(Transactions_View!$C:$C,A2) -> 9
A3: 2 | B3: =COUNTIF(Daily_Summary!$A:$A,A3) -> 9 | C3: =COUNTIF(Transactions_View!$C:$C,A3) -> 10
A4: 3 | B4: =COUNTIF(Daily_Summary!$A:$A,A4) -> 13 | C4: =COUNTIF(Transactions_View!$C:$C,A4) -> 17
A5: 4 | B5: =COUNTIF(Daily_Summary!$A:$A,A5) -> 7 | C5: =COUNTIF(Transactions_View!$C:$C,A5) -> 9
A6: 5 | B6: =COUNTIF(Daily_Summary!$A:$A,A6) -> 9 | C6: =COUNTIF(Transactions_View!$C:$C,A6) -> 11
A8: Description: | B8: Pivot table for only 5 values is enough
